user_id,age,education,industry,experience_years,base_salary,variable_income_ratio,job_stability_score,automation_risk_score,industry_growth_rate,skill_relevance_score,monthly_income_mean,monthly_income_std,income_coefficient_of_variation,worst_month_income,best_month_income,income_trend_12m,savings_potential_monthly,layoff_risk_score,income_volatility_risk
USER_000000,31.49976065593102,high_school,technology,7.49976065593102,61874.46147584479,0.24145488022375006,0.9093292801959403,0.25422124389690687,0.12,0.3644468902577328,82264.29669070059,2569.1345028248775,0.03123024940557597,78434.59335483142,85505.73999811978,0.024141096386221146,16452.85933814012,0.09067071980405972,low
USER_000001,40.71495310825648,bachelors,technology,17.71495310825648,152745.56008843874,0.3786934915693583,1.0,0.1154759560893675,0.12,0.7113101097765813,225300.36421944518,6732.286308733956,0.029881382269655945,208886.69114482164,233695.0071743017,0.011724550781020901,45060.07284388904,0.0,low
USER_000002,27.803356613078844,masters,gig_economy,0.0,52500.0,0.3908027817755774,0.5471607134320086,0.08806547761331907,0.15,0.8238690447733619,76648.188999082,3069.4256282033907,0.04004563797639305,71184.54500221762,81985.52500091362,0.01845065325248338,15329.637799816403,0.45283928656799144,low
USER_000003,35.65592199683678,phd,gig_economy,7.655921996836781,92923.89790937159,0.29548926029062655,0.5951059916955117,0.2633540804020398,0.15,0.47329183919592044,127165.31021768128,2819.077309322995,0.022168603249560003,122522.79920590321,132709.8299148125,0.04770382541374241,25433.062043536258,0.4048940083044883,low
USER_000004,25.623375776727023,masters,manufacturing,0.0,75000.0,0.2971525974671756,0.8543763310600514,0.5216631171731964,0.04,0.34792110353350464,105012.13680670019,4074.91743054237,0.03880425210319474,98793.89371859106,112140.37557586253,-0.09899935658297523,21002.42736134004,0.1456236689399486,low
USER_000005,44.92918623031611,high_school,education,16.929186230316112,49854.40141092675,0.2821843321133945,1.0,0.049094874559236584,0.05,0.7545256272038171,63346.65607593386,4214.230643482119,0.06652648939243938,58384.369100464646,72439.8275693732,0.027569867070045717,12669.331215186772,0.0,low
USER_000006,46.132051867479774,high_school,retail,17.132051867479774,44558.46224097573,0.06379690501654332,1.0,0.05797160019668106,0.03,0.9171834282904556,48335.11397550587,5622.196381506,0.1163170192244728,45254.94517608358,61347.08102424676,0.3517452698438012,9667.022795101175,0.0,low
USER_000007,43.47264797377967,masters,technology,18.472647973779672,216408.64485251065,0.12311833267229827,1.0,0.1384224370418515,0.12,0.6539439073953712,254617.61569981798,4703.709572255623,0.018473621942171795,247129.0378455889,265205.4323864313,0.057524238265941316,50923.523139963596,0.0,low
USER_000008,26.691115646740844,phd,technology,4.691115646740844,177776.03265653405,0.06414616244789727,0.9795517269419498,0.08569411465715611,0.12,0.7857647133571097,197428.78484314808,1784.433717826606,0.009038366514002966,195114.7108459835,201691.055338296,0.017024430966707436,39485.75696862962,0.020448273058050193,low
USER_000009,42.32959825360696,bachelors,retail,17.32959825360696,80631.93222779103,0.09814092566648443,0.9391827078945302,0.37524034824609626,0.03,0.4639423596484339,89056.8440104309,10773.582032499571,0.12097421767200398,81493.460812291,113132.84102638712,0.34992264964674274,17811.36880208618,0.06081729210546982,low
USER_000010,47.2427013953783,bachelors,retail,21.242701395378297,89084.23501401712,0.21300162656639274,0.9146128201928491,0.4325700862166856,0.03,0.3820427339761634,109589.7435044768,15254.052144787487,0.13919233367093656,99906.95956286324,148053.97163508157,0.46065050931077667,21917.948700895362,0.08538717980715094,low
USER_000011,26.880329742258365,masters,healthcare,4.880329742258365,111961.48384016265,0.25137058264583484,1.0,0.20790445690172563,0.08,0.30698514366091456,146942.96548214398,3795.63999940667,0.025830702320131845,140061.66449317438,153588.77527913963,-0.048147509836477025,29388.593096428798,0.0,low
USER_000012,37.36475425384645,phd,government,13.36475425384645,176165.90246030927,0.1551304359667725,1.0,0.03207673250127058,0.02,0.6792326749872942,214021.5056776239,3673.636578551368,0.017164801111552264,207057.90295836393,220394.96706454476,-0.03055320652801593,42804.30113552479,0.0,low
USER_000013,22.0,bachelors,government,0.0,59400.00000000001,0.2890951008955219,1.0,0.06941454226862001,0.02,0.30585457731379995,84190.42683645774,1957.7858974157293,0.023254257888712018,80180.2553419661,87453.85389156667,-0.008584420025577234,16838.08536729155,0.0,low
USER_000014,45.89056687375519,bachelors,education,22.89056687375519,104224.07750322511,0.3212008287831349,1.0,0.046037953726843606,0.05,0.769810231365782,141937.68964269775,8255.700627994247,0.05816425960417186,133684.38332471944,159335.80737506307,0.004852552056586831,28387.53792853955,0.0,low
USER_000015,47.41310580767483,phd,technology,19.41310580767483,283774.3618152588,0.25295652973135496,1.0,0.07940880865173235,0.12,0.8014779783706691,373179.9100297652,9998.050209341089,0.026791501741194036,361240.1929142512,394659.05494764616,0.05432912172113864,74635.98200595305,0.0,low
USER_000016,48.305805856240575,high_school,gig_economy,25.305805856240575,47571.0961490526,0.3184965802165474,0.6454530167856809,0.25757830535719844,0.15,0.4848433892856031,67112.90413002968,2077.163169559388,0.030950279927313723,64475.81188051162,69921.0078330034,0.06229674928715903,13422.580826005937,0.3545469832143191,low
USER_000017,44.256309336460006,masters,government,16.256309336460006,149557.27601289752,0.30434053237231273,1.0,0.0397357641517657,0.02,0.602642358482343,204818.2711158162,5048.41103397097,0.024648245522570122,192505.2856129106,213885.8035566378,-0.032175072882450806,40963.65422316324,0.0,low
USER_000018,22.64427876792894,phd,retail,0.0,76800.0,0.02690236558694714,0.8593996611356314,0.09473412401685996,0.03,0.8646655371187715,81438.74960584848,9711.120621393397,0.11924447107051356,76702.34009361872,103336.72350455652,0.3396306951108839,16287.749921169698,0.14060033886436862,low
USER_000019,48.90980425185967,phd,technology,21.90980425185967,301750.5906133896,0.22535814028505607,1.0,0.11565777816350603,0.12,0.710855554591235,400581.6721612783,11422.852278609102,0.028515663777074013,377011.6171929637,417456.49165976985,0.008062776949630947,80116.33443225567,0.0,low
USER_000020,46.852314829889906,bachelors,gig_economy,19.852314829889906,75320.87502849192,0.23726328761578733,0.7317051234551561,0.11382479424140635,0.15,0.7723504115171873,100443.14028493728,2907.669554056574,0.02894841345868012,95925.939349872,104525.00909638018,0.035646729572640076,20088.628056987458,0.26829487654484385,low
USER_000021,29.201856464979457,high_school,government,6.201856464979457,43233.0631672161,0.18206879669346257,1.0,0.05811900999961538,0.02,0.4188099000038462,55405.43012155321,1277.7394610835406,0.02306162876599506,52065.93982937693,57283.2531388133,-0.001996725249003237,11081.086024310644,0.0,low
USER_000022,35.95528779013878,bachelors,government,7.955287790138783,83027.2047367122,0.23327632171083904,1.0,0.06636074536156049,0.02,0.3363925463843952,105249.67627324222,2118.142238098659,0.020124928770323996,101907.55030325985,108609.45066493932,-0.02364653766755924,21049.935254648444,0.0,low
USER_000023,46.20344012612456,high_school,government,20.203440126124562,66335.67620810553,0.3893530476659285,1.0,0.0656324151981206,0.02,0.34367584801879403,98467.56323962088,1649.646456432431,0.016753196709235255,93647.35641337499,99908.01375749981,0.0024652291280629576,19693.512647924177,0.0,low
USER_000024,42.79441518086064,masters,manufacturing,15.79441518086064,134229.0569282274,0.11134739266506265,1.0,0.392345310725005,0.04,0.5095683615937437,156065.6414037424,1470.8117855521793,0.00942431512998549,153691.9371691822,159223.09307724913,-0.016027731117564798,31213.128280748482,0.0,low
USER_000025,29.515713658091855,bachelors,healthcare,0.0,64800.0,0.12096780451141456,0.968801182512076,0.18119881748792394,0.08,0.3960039417069202,79175.78248184669,1360.1525037252854,0.01717889563058173,76902.57010885261,82630.74526320354,-0.006428516440565201,15835.156496369338,0.03119881748792397,low
USER_000026,31.644421585955968,high_school,manufacturing,4.644421585955968,36966.63237893395,0.1833725696525752,1.0,0.1863610911712586,0.04,0.7670486360359268,47245.4497500138,1155.0492619339732,0.02444784139098254,44870.53161161773,48835.98750236665,-0.008827481467133932,9449.08995000276,0.0,low
USER_000027,37.379959906339685,masters,finance,12.379959906339685,169994.78950828334,0.14456151162687456,1.0,0.28214209561509745,0.06,0.5297631739748375,208248.365041064,4313.713068059888,0.020714270996601954,199852.21689202994,214414.01854717126,0.007847731267633721,41649.673008212805,0.0,low
USER_000028,26.32220448732065,high_school,finance,0.32220448732065066,42676.629423373364,0.056489417349259795,0.8549591330005706,0.3029699134916847,0.06,0.49505014418052545,46747.05079335464,280.1195396340154,0.005992239828610449,46348.89579402409,47220.08827515395,0.007112474329405375,9349.410158670928,0.14504086699942942,low
USER_000029,39.94107630953358,bachelors,finance,15.941076309533578,135857.26845003694,0.31837055485740096,1.0,0.3273882093570282,0.06,0.454352984404953,190097.94383336802,5917.876821893603,0.031130672444731798,177722.52350599878,200815.72379087537,0.03555468680325827,38019.5887666736,0.0,low
USER_000030,28.903165830181663,high_school,finance,0.0,42000.0,0.3682958601370542,0.9807712558946687,0.03845748821066244,0.06,0.9359041863155626,58814.886991107494,2836.348862774931,0.04822501594203135,53641.83280173781,63716.702371363564,0.036369631872362154,11762.9773982215,0.019228744105331264,low
USER_000031,22.0,phd,gig_economy,0.0,67200.0,0.24605165621647995,0.4952678853714032,0.1745535243809947,0.15,0.6508929512380106,88745.43115920016,2611.877472184111,0.029431120431413216,83548.72730122552,93594.4966189883,-0.03760469564160979,17749.086231840032,0.5047321146285968,low
USER_000032,26.699306609596423,masters,finance,0.0,105000.0,0.32057831048918156,0.8163521223278216,0.36729575534435666,0.06,0.3878404077594055,153042.73892864687,4366.387752209228,0.028530512344299912,147330.9177503846,161548.2361287554,0.015653362795989386,30608.547785729374,0.18364787767217838,low
USER_000033,37.358118228915025,high_school,gig_economy,8.358118228915025,29776.024140360776,0.3845969298296449,0.6129166101384057,0.2570762573998247,0.15,0.4858474852003506,44720.34686409533,1796.620537893669,0.04017456625176858,41219.73725920822,47150.896715646275,-0.0758504736355395,8944.069372819065,0.3870833898615943,low
USER_000034,34.07528893939127,masters,retail,12.075288939391271,96225.86681817382,0.1373546808710577,1.0,0.03497102456345688,0.03,0.9500413934807759,109000.31104786979,13677.711440747335,0.12548323311426587,98157.92456397146,142187.666292595,0.3384097537439441,21800.06220957396,0.0,low
USER_000035,55.473631979155584,masters,healthcare,29.473631979155584,222631.34390620014,0.1609625037197247,1.0,0.06487827932475503,0.08,0.7837390689174832,270917.92826998624,5098.801043564094,0.01882046373277603,262482.5260757696,280306.59224910627,-0.05148478177794893,54183.58565399725,0.0,low
USER_000036,37.31365953914531,phd,gig_economy,15.313659539145313,118653.89605152825,0.2384327820953224,0.6144824456566963,0.30919592390550615,0.15,0.3816081521889877,153693.28445346322,3581.626832602553,0.023303730187944766,145353.79716955515,158258.19409616163,-0.04119230141862156,30738.656890692644,0.3855175543433037,low
USER_000037,28.399537047205364,high_school,education,2.3995370472053636,30239.375013727244,0.004324433454078536,0.9599261897451391,0.12537636746597883,0.05,0.37311816267010595,31756.276613968574,1814.5625140618456,0.057140279262578204,30913.786301859873,35825.43437799051,-0.00011117669928441547,6351.255322793715,0.0400738102548609,low
USER_000038,36.44740951175251,high_school,healthcare,6.447409511752511,47605.337121154516,0.3274960917936203,1.0,0.13702105298411152,0.08,0.5432631567196282,67226.50025935243,2628.008652641311,0.03909185577864002,63252.162355545755,71780.66041017715,-0.06325368794555669,13445.300051870487,0.0,low
USER_000039,24.028818148870087,phd,gig_economy,0.0,67200.0,0.3222858102672872,0.4077845517938144,0.32035908034364263,0.15,0.35928183931271473,90995.90181106886,3855.4242679745344,0.042369207747173024,82957.83473163223,96600.55351224376,0.030959249497028943,18199.180362213774,0.5922154482061857,low
USER_000040,42.49218721285034,high_school,gig_economy,17.49218721285034,39366.79657349286,0.21262886107469248,0.6756271020505737,0.20728816324904376,0.15,0.5854236735019125,50530.43641118143,694.7297361936668,0.01374873809797408,49408.76153720387,51533.17837523644,-0.001938141817101117,10106.087282236287,0.32437289794942625,low
USER_000041,40.24216404290793,masters,gig_economy,10.24216404290793,79385.68061263331,0.14186648199403315,0.7650652421997861,0.058224596333689704,0.15,0.8835508073326206,92244.42529060837,1682.0527731293969,0.018234736330463654,90034.90209280932,95384.23343793314,-0.042807588878056246,18448.885058121676,0.2349347578002139,low
USER_000042,34.04319288243736,bachelors,technology,5.04319288243736,101424.93117387131,0.06272508212672227,1.0,0.0337875396100273,0.12,0.9155311509749318,112217.2432351584,1040.6177511834885,0.009273242874117016,110489.20509417365,113730.82766033645,-0.003912518792796248,22443.44864703168,0.0,low
USER_000043,56.18061922557825,high_school,education,33.18061922557825,71793.83595453063,0.29259858561725566,1.0,0.023389839819608096,0.05,0.8830508009019595,94684.74678130931,7587.109977202759,0.08013022408695344,86964.05096310178,112368.18059787138,-0.07037860189285708,18936.949356261863,0.0,low
USER_000044,45.59712295484168,bachelors,technology,20.59712295484168,164418.3479671088,0.015707765696660925,1.0,0.18317429244508104,0.12,0.5420642688872974,182649.01456064297,369.4320900164669,0.0020226339074707043,182009.9569664279,183256.1098201741,-0.0013963732770299235,36529.802912128594,0.0,low
USER_000045,43.723903111756755,phd,gig_economy,13.723903111756755,113312.3144555027,0.12288656680850836,0.6236473762050663,0.2939210396582228,0.15,0.4121579206835544,129804.91929010027,1785.372985191211,0.013754278304361418,126960.08432017002,133051.85369092078,-0.012385466368844467,25960.983858020056,0.3763526237949337,low
USER_000046,34.419706202530136,bachelors,education,7.419706202530136,66629.88607214823,0.37058551918247395,1.0,0.1344851432830053,0.05,0.3275742835849736,93590.56982094054,6479.208309954721,0.06922928583884978,84129.23551190003,111991.59502349995,0.043086414638329386,18718.11396418811,0.0,low
USER_000047,27.788375424396996,masters,government,0.0,82500.0,0.10859680101708453,1.0,0.031509200605665644,0.02,0.6849079939433436,96319.06471983461,1377.1655828141827,0.014297954271254342,92645.07329616862,97976.30824491674,-0.05356301790793635,19263.812943966925,0.0,low
USER_000048,34.25177943378194,masters,technology,7.251779433781941,153291.25931502343,0.13376047159549947,0.9189227339371993,0.23481713965125275,0.12,0.4129571508718682,185631.15411182537,3173.623676143083,0.01709639576033273,179236.96234135795,191483.32760910777,0.041997882383001964,37126.230822365076,0.08107726606280075,low
USER_000049,33.84033072052641,high_school,education,10.84033072052641,41634.44647271065,0.2788654768551922,1.0,0.10362406068835808,0.05,0.4818796965582096,55160.225285636785,4309.258126679373,0.07812256212451446,51695.479424670666,64886.56608788085,0.012148972554746434,11032.045057127358,0.0,low
USER_000050,51.3057490403904,phd,retail,25.305749040390403,173974.07631509917,0.26850833009165304,1.0,0.003634920210995962,0.03,0.9948072568414343,220601.3738556309,23384.770600863256,0.10600464626374925,197121.84909876657,276209.6027665948,0.3262592866403596,44120.27477112618,0.0,low
USER_000051,42.37313187038961,bachelors,education,19.373131870389606,95676.71044504675,0.37377321550137665,1.0,0.062133303031798384,0.05,0.6893334848410081,140558.72036807245,8907.076197573251,0.06336907574463427,129801.57868895074,163927.07023227922,0.007697698354087217,28111.744073614493,0.0,low
USER_000052,55.8179890877106,bachelors,education,29.8179890877106,121057.71348313674,0.1716249477210664,1.0,0.10832185979955394,0.05,0.45839070100223034,149830.74564418054,9222.175859801047,0.06155062380655808,142343.03136861254,173343.5399472818,0.007776265588163363,29966.14912883611,0.0,low
USER_000053,22.0,phd,finance,0.0,134400.0,0.005472965904272442,0.7958489705724255,0.40830205885514875,0.06,0.31949656857475206,143162.19580206144,154.25761098126455,0.001077502409885804,142952.4168472661,143482.68577617203,-0.001099995229297556,28632.43916041229,0.20415102942757446,low
USER_000054,48.58728529883879,masters,government,21.587285298838793,171547.55185771,0.3669072266310723,1.0,0.019969681654857487,0.02,0.8003031834514251,244910.15184196166,8207.77846088565,0.03351342685942253,225983.89616458848,255926.40122222586,0.059710191672779536,48982.030368392334,0.0,low
USER_000055,52.36335405705979,bachelors,healthcare,24.363354057059787,143737.2671448737,0.23738455308188955,1.0,0.0931185300145478,0.08,0.6896048999515073,193438.8898060945,4833.187521470343,0.024985604116706778,186282.2410662113,200743.61700844314,0.07210266722311387,38687.7779612189,0.0,low
USER_000056,39.34296497247793,masters,technology,12.34296497247793,181929.17797018835,0.3830526585090352,0.9578618409527407,0.2561842120630125,0.12,0.35953946984246876,270701.8248000217,17232.209903803356,0.06365753136881688,242570.73233483764,301618.1700102572,-0.055484264942077255,54140.36496000434,0.04213815904725926,low
USER_000057,41.38023481101708,masters,finance,16.380234811017083,190996.2327578397,0.1307764097346701,1.0,0.1375469496770674,0.06,0.7707550838715543,226623.40643482318,4078.1575496581145,0.01799530601809655,219646.1447060695,232954.6792821878,0.06059079522623898,45324.68128696464,0.0,low
USER_000058,37.996863273882255,masters,gig_economy,12.996863273882255,86616.76609394091,0.2476690941463347,0.7195922483300178,0.1340129194499703,0.15,0.7319741611000594,113835.41202564295,3850.4077574951625,0.03382434067729124,107990.22734384098,121751.39544896074,0.08924109414781825,22767.08240512859,0.2804077516699822,low
USER_000059,42.751677464953815,bachelors,finance,18.751677464953815,146481.3408175254,0.016631583938637506,1.0,0.3140289906307314,0.06,0.47661834894878097,164272.03138797468,449.3185799485133,0.0027352104685874424,163546.5781955005,164892.96985300793,0.0017805244409181094,32854.406277594935,0.0,low
USER_000060,35.573187231879665,high_school,retail,12.573187231879665,39087.8246782556,0.008373647130693307,1.0,0.11440161505140273,0.03,0.836569121355139,39531.53634616338,4649.046443178559,0.11760348503707366,37395.11706825807,49950.61740149242,0.33430324615918855,7906.307269232677,0.0,low
USER_000061,38.771564962177166,high_school,education,14.771564962177166,46941.61269893918,0.15113568549087467,1.0,0.06916956839526182,0.05,0.6541521580236909,55321.28305121656,3902.638505807945,0.07054497456602506,52460.94111017724,65391.09967931454,0.017796064947904654,11064.256610243312,0.0,low
USER_000062,39.31065186215849,phd,finance,15.310651862158487,237287.58051370503,0.06057292574798532,1.0,0.17567060808310164,0.06,0.7072156531948306,280016.384714515,2618.3403598004825,0.009350668399172276,275785.82761597115,285009.6335848203,0.014185902195262967,56003.276942903,0.0,low
USER_000063,32.36052511941757,bachelors,finance,3.3605251194175665,88302.7849513984,0.21611155727496845,1.0,0.03863221092290176,0.06,0.9356129817951637,114828.87319330506,3672.65400329622,0.03198371542942519,109607.78642752432,121345.2350532446,0.0349408006624756,22965.774638661012,0.0,low
USER_000064,43.69760357198647,high_school,government,16.69760357198647,60551.04589377767,0.11082769988535986,1.0,0.06718001368554011,0.02,0.3281998631445989,72184.83182769314,1306.4311105659522,0.01809841593431198,69513.93686586039,74465.28963480973,0.003990740125707164,14436.966365538628,0.0,low
USER_000065,36.5297457656915,bachelors,gig_economy,10.529745765691501,57701.21949715693,0.23978445586348665,0.6354298833024736,0.27428352782921056,0.15,0.4514329443415789,76423.20316840899,1794.2201588532973,0.0234774268084457,71807.80497270048,78749.62492954606,-0.009663541990576714,15284.640633681798,0.36457011669752637,low
USER_000066,51.46225756202748,phd,manufacturing,21.46225756202748,199018.8362977319,0.16565642728626653,1.0,0.2211498696172985,0.04,0.7235626629783769,246660.00981760933,4496.24972503803,0.018228531363323728,240064.00749174695,255202.40495117684,-0.01449442801962172,49332.00196352187,0.0,low
USER_000067,29.95033519147439,bachelors,retail,0.9503351914743909,45252.72401358469,0.06534670335936808,0.7902151858087231,0.30051354204845077,0.03,0.5706949399307846,48276.848930700944,5928.621196519754,0.12280464296727403,44442.507467767435,61961.14056280327,0.3420241694022761,9655.369786140189,0.20978481419127692,low
USER_000068,48.235306441853446,bachelors,education,19.235306441853446,95341.79465370388,0.38391640816194006,1.0,0.13361807788718635,0.05,0.33190961056406815,140458.91378168057,7665.377920314486,0.05457380890919467,126381.54381420082,155604.435992918,0.022624423145137247,28091.782756336117,0.0,low
USER_000069,51.86349397262843,phd,retail,23.863493972628433,168435.81685489317,0.16431552399984473,0.8950410594174267,0.47823752802600444,0.03,0.3168035313914222,187495.36980733383,22662.040512084764,0.120867200802728,172268.37811321707,240305.24472193202,0.35706212435135337,37499.07396146677,0.10495894058257327,low
USER_000070,57.35154040060229,phd,finance,32.35154040060229,351802.35149204737,0.19003594914670724,1.0,0.09138115887062911,0.06,0.8476980685489515,436814.72441761306,9393.6840776494,0.02150496206411908,423134.54127866006,455460.28286241344,0.07479115703258853,87362.94488352262,0.0,low
USER_000071,22.0,bachelors,retail,0.0,43200.0,0.3330447093304525,0.7025196383223784,0.46078751058111705,0.03,0.34173212774126127,57701.50179739706,6889.252973330043,0.11939469093057158,50265.42389302932,73379.79998562676,0.3096026936121399,11540.300359479414,0.2974803616776216,low
USER_000072,58.67906338163552,phd,education,28.679063381635522,210293.55380866546,0.16735581335133343,1.0,0.05941691999038854,0.05,0.7029154000480573,261215.7148733687,15251.213215695305,0.058385511848277345,243800.4028510616,292910.6689874734,0.058342541310093206,52243.14297467374,0.0,low
USER_000073,27.226239230152416,high_school,healthcare,1.2262392301524159,38207.23061427435,0.2269563776624294,1.0,0.08187733637239072,0.08,0.7270755454253642,50356.64681651015,1557.9263267093393,0.03093784882830107,47872.26118085116,53963.420352210844,-0.025528094717904543,10071.32936330203,0.0,low
USER_000074,25.007836365541756,high_school,finance,0.0,42000.0,0.03656879672685527,0.8755467600846947,0.24890647983061043,0.06,0.5851558669489826,47141.73553495668,206.08182912600648,0.004371536745251818,46704.99654318998,47548.673428285496,-0.01774343686723419,9428.347106991336,0.12445323991530532,low
USER_000075,40.869558543017085,phd,finance,12.869558543017085,220883.4334090748,0.10751904601207928,1.0,0.2913055112725647,0.06,0.5144908145457254,257738.61050188696,4500.660223566625,0.01746211099222821,252125.0009245435,264916.0859825876,0.02676004488013294,51547.722100377396,0.0,low
USER_000076,44.04120889588518,high_school,manufacturing,15.041208895885177,52561.813343827765,0.3731011756241253,1.0,0.24382924219726052,0.04,0.6952134472534244,77822.50754098174,2860.8226117159206,0.0367608639468395,73527.04240144571,82961.32676387427,-0.00850967879278279,15564.501508196348,0.0,low
USER_000077,30.091006183324467,masters,technology,2.091006183324467,124261.90978120014,0.3040022179848394,0.8258550819268315,0.2212867223195438,0.12,0.44678319420114054,169406.0733646797,5203.849434116164,0.03071819876796188,159590.8337854602,176718.98101725735,0.011887686935508361,33881.214672935945,0.17414491807316845,low
USER_000078,41.514799003522015,high_school,government,11.514799003522015,51999.41835581132,0.20178237666774218,1.0,0.02483469969087353,0.02,0.7516530030912647,65128.901564492495,1356.9299807341322,0.020834528882549348,62631.493696018915,66831.78102540586,0.037976643071404276,13025.7803128985,0.0,low
USER_000079,41.700611152689554,masters,manufacturing,13.700611152689554,126377.29182258583,0.38251675260534457,1.0,0.525038456724443,0.04,0.3437019290944462,179282.36716545143,5071.533700335966,0.028287967079638578,171790.85057338455,186319.0193628989,0.0698292784712316,35856.47343309029,0.0,low
USER_000080,29.74346317197858,high_school,education,4.743463171978579,33403.67528217108,0.3780096258322275,1.0,0.06991889555968363,0.05,0.6504055222015819,47360.49774459628,2918.7013941063406,0.061627337825843634,44129.000212908264,55259.95951771144,-0.053731961228829395,9472.099548919256,0.0,low
USER_000081,41.3868731792169,high_school,education,18.3868731792169,51822.278791942816,0.34340258182062183,1.0,0.03612311786804199,0.05,0.8193844106597901,72435.93819321012,5329.644824271131,0.07357735617443431,67731.04538410627,85767.94050007653,0.03551733916885492,14487.187638642026,0.0,low
USER_000082,50.29214784297051,masters,finance,26.292147842970508,243033.77617559515,0.07567831695614198,1.0,0.16618854745906567,0.06,0.7230190875682239,280289.10611080047,2000.3622536760236,0.007136782022792084,276692.7203690271,283679.3785386083,-0.00904471909845769,56057.8212221601,0.0,low
USER_000083,35.77279299223393,high_school,retail,6.772792992233931,32127.35159068072,0.018878680678951598,0.9580448151497876,0.1806257709547455,0.03,0.7419631843503636,33080.30110006964,3878.909495309407,0.11725738177459458,31234.195879407504,41845.118863257565,0.33368043462713554,6616.060220013929,0.041955184850212435,low
USER_000084,22.0,bachelors,gig_economy,0.0,37800.0,0.17626595336971743,0.4966291460195994,0.17228475663400095,0.15,0.6554304867319981,47309.61727120181,1166.3317206436284,0.024653163308374405,45379.17894723333,49087.50871621457,-0.04935745532748355,9461.923454240363,0.5033708539804006,low
USER_000085,22.0,high_school,healthcare,0.0,36000.0,0.10265888287443832,1.0,0.14262054602253285,0.08,0.5245981799248904,42228.46189090121,464.18935327828257,0.010992333902132946,41467.855126658185,43238.084641936955,-0.03612423180385556,8445.692378180243,0.0,low
USER_000086,36.184968378643326,masters,manufacturing,12.184968378643326,120693.63141991248,0.20495712829284263,1.0,0.21205485047280404,0.04,0.734931436908995,150722.3698572028,4024.6300274452906,0.026702274063619757,143419.19029132026,158872.68247237382,0.04805092815453979,30144.473971440562,0.0,low
USER_000087,37.88907996051398,phd,healthcare,11.889079960513982,183681.10057256054,0.30182774448229466,1.0,0.001651515709497664,0.08,0.9944949476350078,251410.78553838187,9173.919081623435,0.03648975942689973,239110.35555619697,266949.86323792394,-0.0075766753782729205,50282.15710767638,0.0,low
USER_000088,25.715561687342372,bachelors,retail,2.7155616873423725,49065.61324465952,0.35036196999995783,0.8136439833131243,0.32822358434535387,0.03,0.531109165220923,66944.29750205751,9367.722004601372,0.1399330839839414,60477.473054060465,88776.82695889613,0.31680637016888646,13388.859500411503,0.18635601668687574,low
USER_000089,33.875861817835194,high_school,manufacturing,5.875861817835194,38813.79272675279,0.06752400231382567,1.0,0.03651451020404135,0.04,0.9543568622449483,45120.676231764395,300.73256806521994,0.00666507227242104,44657.475884356674,45566.95350235369,-0.0003216526580026864,9024.13524635288,0.0,low
USER_000090,22.0,phd,healthcare,0.0,115200.0,0.31857622460939095,0.9727123847218357,0.17728761527816425,0.08,0.4090412824061191,161505.38302209976,4632.452286207948,0.02868295904152038,153221.89046350025,171594.46086474665,-0.04656457716190665,32301.076604419955,0.027287615278164257,low
USER_000091,39.82501030599214,phd,technology,9.825010305992137,214740.0742031434,0.31009381555962245,0.9768235839152505,0.22623549627278972,0.12,0.4344112593180257,304297.3212189988,10257.202349326153,0.033707829921855205,289764.02727115457,319226.5340604786,0.01903452331618435,60859.46424379977,0.023176416084749518,low
USER_000092,34.896922946150966,bachelors,finance,8.896922946150966,109230.36873645065,0.07867527892512922,1.0,0.1500260703873502,0.06,0.7499565493544164,123433.94728003803,1313.538668113647,0.010641632201339112,121470.96746455693,125577.9642540929,0.007296966155074025,24686.78945600761,0.0,low
USER_000093,36.48700779767478,phd,technology,9.487007797674778,212306.4561432584,0.24392510461924682,0.9466621265336634,0.2574373725597762,0.12,0.3564065686005595,276023.83452801354,7000.326166187746,0.025361310475807065,266190.9270411062,291039.47049728053,-0.00020725497665791798,55204.76690560271,0.05333787346633656,low
USER_000094,39.5776143929377,bachelors,government,15.577614392937697,105665.51474702496,0.06649174482066349,1.0,0.04395424215259729,0.02,0.5604575784740271,119067.89999404532,1003.423729290983,0.00842732364760918,117179.97957202888,120565.04148822282,-0.006136036294247319,23813.579998809066,0.0,low
USER_000095,43.3629090951719,high_school,education,20.3629090951719,54489.927278482064,0.1956193601797133,1.0,0.06034623234054091,0.05,0.6982688382972955,68629.2014371619,4882.498752893776,0.07114316720360324,63534.120833274814,79819.27536900755,-0.007486806825519787,13725.84028743238,0.0,low
USER_000096,36.6993970644638,high_school,government,7.699397064463803,45704.005156365274,0.16075050849469583,1.0,0.01757257943977211,0.02,0.8242742056022789,55708.12293521889,1267.6283658540324,0.022754821003897672,54067.25679618852,58053.92894000095,-0.04048467921974162,11141.624587043778,0.0,low
USER_000097,43.483196275544984,high_school,government,16.483196275544984,60197.273854649226,0.1900401362766882,1.0,0.02049047616660331,0.02,0.7950952383339669,76524.3581048596,1636.049404963748,0.021379459370595523,73292.99338931733,79026.34951844568,-0.0014525535554548196,15304.87162097192,0.0,low
USER_000098,45.60846654311478,masters,technology,18.60846654311478,217172.62430502064,0.39016414707389807,1.0,0.0984299240679336,0.12,0.753925189830166,309204.66954943875,12329.349913681417,0.03987439753625738,278527.86820756586,325731.3826381829,-0.04648018527907869,61840.93390988775,0.0,low
USER_000099,25.209692637802135,high_school,education,0.2096926378021351,27283.085061032885,0.06619990986546224,1.0,0.051054731460835084,0.05,0.7447263426958246,30399.85107906089,1807.6203048435011,0.059461485523150205,29381.304863002493,34817.694898176036,-0.02240024559238887,6079.970215812178,0.0,low
USER_000100,41.631156277445236,high_school,education,17.631156277445236,50802.06097455107,0.12111005130878688,1.0,0.05591835242180097,0.05,0.7204082378909952,62104.3669302573,3964.235732064535,0.06383183547328225,59129.457801692915,71345.67933617398,0.0017461450516460114,12420.873386051462,0.0,low
USER_000101,54.406145634882876,high_school,education,24.406145634882876,59948.29660709188,0.19591434719529632,1.0,0.06729622303007757,0.05,0.6635188848496122,70546.26821181655,4506.628657517367,0.06388188591331474,66042.48224803444,82072.06765314178,-0.059292275946627115,14109.253642363312,0.0,low
USER_000102,34.79702195463358,masters,finance,5.797021954633578,135434.3652618263,0.3682143540410219,1.0,0.10892129595201716,0.06,0.8184645067466381,194025.88250240908,7203.809156273663,0.03712808344620836,175569.6995606833,202124.48315272224,0.011954541422540516,38805.176500481815,0.0,low
USER_000103,23.944369461437134,phd,finance,0.0,134400.0,0.3074988525450052,0.8150341929965204,0.36993161400695923,0.06,0.3834473099884013,185715.25787482326,6716.005473286156,0.03616291709221281,174983.88723718788,201545.25157294542,-0.00016089825279064684,37143.05157496465,0.18496580700347964,low
USER_000104,34.8176247225738,high_school,gig_economy,12.817624722573797,34458.50595870249,0.14671932825850736,0.792917602527119,0.011803995788134958,0.15,0.9763920084237301,42037.19206212877,962.7702941688176,0.022902821214744636,39877.40703761788,43469.362989707886,0.005877430499978145,8407.438412425754,0.20708239747288104,low
USER_000105,31.111144574245944,masters,manufacturing,9.111144574245944,109166.7921534223,0.3651203201631447,1.0,0.4201432596315611,0.04,0.47482092546054866,164197.02709352112,6916.490165525734,0.042123114455576184,154583.2650831354,179377.51958032712,-0.11883368708129392,32839.40541870423,0.0,low
USER_000106,40.06361771325451,bachelors,technology,13.063617713254509,133907.65173868075,0.2326886109893907,1.0,0.033645430576389045,0.12,0.9158864235590274,174271.04856720837,4002.4173329010655,0.02296662220034509,167958.13955786338,180831.69869648092,-0.023257950451896638,34854.209713441676,0.0,low
USER_000107,30.95271564389116,masters,government,0.9527156438911604,86429.95203105104,0.18966317835163188,1.0,0.06717663035030837,0.02,0.32823369649691636,109855.33742655649,2992.720212078852,0.027242374218545615,105155.73292368557,114892.61440604077,0.05392765834887662,21971.0674853113,0.0,low
USER_000108,38.79801484058733,phd,retail,16.798014840587328,141304.37698785536,0.15518910175915457,1.0,0.031656700062778674,0.03,0.954776142767459,163960.41149803236,18340.580275368055,0.11185980876602127,152191.37900327976,207818.16540866022,0.28882343500917906,32792.082299606474,0.0,low
USER_000109,30.211629571795655,bachelors,retail,3.2116295717956547,50137.11987507861,0.12179616974161217,0.8454840937298571,0.27707982798079733,0.03,0.6041716743131467,57930.38723481327,6344.566680997104,0.10952052944649292,53663.6987676554,72837.09198675143,0.33417282934416137,11586.077446962656,0.1545159062701429,low
USER_000110,27.60193468973116,high_school,education,1.6019346897311593,29162.611831137066,0.15999320731742742,1.0,0.01619192008401975,0.05,0.9190403995799012,35279.33019416051,2026.1136474254586,0.05743061549850014,33462.493632624784,39646.47006458775,0.01099819862591124,7055.866038832102,0.0,low
USER_000111,34.11756946478461,high_school,education,6.117569464784609,35258.71877745922,0.391612736316667,1.0,0.012609777857639415,0.05,0.9369511107118029,50236.06077371278,4270.550508491404,0.08500966124171248,43929.833945350845,58387.07344556522,0.12646390111208536,10047.212154742556,0.0,low
USER_000112,49.277802506338986,phd,gig_economy,21.277802506338986,138693.416421299,0.027501562568994987,0.7743273750211512,0.04278770829808132,0.15,0.9144245834038374,145182.84966255343,451.934719070857,0.003112865742209103,144148.4239855256,145988.45934763347,-0.006457797902795427,29036.569932510687,0.22567262497884877,low
USER_000113,35.53616597485452,masters,finance,6.536165974854519,139314.87136798623,0.11914375935608451,0.9684944562727338,0.3244577264487132,0.06,0.459237122585478,165493.60759282147,2178.0759119531567,0.0131610878730257,162709.460747129,170045.02641589037,-0.03671631338547954,33098.72151856429,0.031505543727266216,low
USER_000114,32.1509234658223,phd,education,2.150923465822302,95691.98937235236,0.0157447519278918,1.0,0.05517444587487237,0.05,0.7241277706256382,100385.00877421378,5678.722639792188,0.056569429132240105,97290.22353617621,113314.36789278299,-0.00442838738278811,20077.001754842757,0.0,low
USER_000115,43.711794062192084,masters,healthcare,15.711794062192084,160703.0732798644,0.11147772637141033,1.0,0.1514082590269627,0.08,0.49530580324345763,182588.61891382537,2830.816948301731,0.015503797362297619,176085.9993855978,186196.06384799958,-0.008335590340775563,36517.723782765075,0.0,low
USER_000116,43.583364232117056,high_school,government,19.583364232117056,65312.55098299315,0.0056786537886894806,1.0,0.021496376228266268,0.02,0.7850362377173373,69367.11136911248,74.93881723244972,0.0010803220107247855,69235.29733105845,69485.66269024675,0.001627749363642252,13873.422273822496,0.0,low
USER_000117,38.0855608082435,masters,education,15.0855608082435,118413.7677278218,0.24453666249909048,1.0,0.11613524837857013,0.05,0.4193237581071494,155741.01761306563,9532.773157516734,0.061209136190445684,145402.63300867355,181131.82400750817,0.019063991037260707,31148.203522613127,0.0,low
USER_000118,22.568817720571296,high_school,education,0.0,27000.0,0.10433969838483557,1.0,0.004624407953435883,0.05,0.9768779602328206,29314.154182444083,1726.0741897231774,0.058881937339229244,28025.033973327452,33625.35975949313,0.005709141917529264,5862.830836488817,0.0,low
USER_000119,35.132057642617305,masters,gig_economy,7.132057642617305,71221.65131187043,0.09759812094098891,0.7207078584358619,0.036555490694140325,0.15,0.9268890186117194,81211.94557262275,1011.1988134062091,0.012451355601399273,79715.24816570037,82940.04943405035,-0.010518900282472146,16242.38911452455,0.27929214156413806,low
